ISBN,Book-Title,Book-Author,Year-Of-Publication,Publisher,Image-URL-S,Image-URL-M,Image-URL-L
0440234743,The Testament,John Grisham,1999,Dell,http://images.amazon.com/images/P/0440234743.01.THUMBZZZ.jpg,http://images.amazon.com/images/P/0440234743.01.MZZZZZZZ.jpg,http://images.amazon.com/images/P/0440234743.01.LZZZZZZZ.jpg
0971880107,Wild Animus,Rich Shapero,2004,Too Far,http://images.amazon.com/images/P/0971880107.01.THUMBZZZ.jpg,http://images.amazon.com/images/P/0971880107.01.MZZZZZZZ.jpg,http://images.amazon.com/images/P/0971880107.01.LZZZZZZZ.jpg
0345402871,Airframe,Michael Crichton,1997,Ballantine Books,http://images.amazon.com/images/P/0345402871.01.THUMBZZZ.jpg,http://images.amazon.com/images/P/0345402871.01.MZZZZZZZ.jpg,http://images.amazon.com/images/P/0345402871.01.LZZZZZZZ.jpg
0345417623,Timeline,MICHAEL CRICHTON,2000,Ballantine Books,http://images.amazon.com/images/P/0345417623.01.THUMBZZZ.jpg,http://images.amazon.com/images/P/0345417623.01.MZZZZZZZ.jpg,http://images.amazon.com/images/P/0345417623.01.LZZZZZZZ.jpg
0449005615,Seabiscuit: An American Legend,LAURA HILLENBRAND,2002,Ballantine Books,http://images.amazon.com/images/P/0449005615.01.THUMBZZZ.jpg,http://images.amazon.com/images/P/0449005615.01.MZZZZZZZ.jpg,http://images.amazon.com/images/P/0449005615.01.LZZZZZZZ.jpg
0425182908,Isle of Dogs,Patricia Cornwell,2002,Berkley Publishing Group,http://images.amazon.com/images/P/0425182908.01.THUMBZZZ.jpg,http://images.amazon.com/images/P/0425182908.01.MZZZZZZZ.jpg,http://images.amazon.com/images/P/0425182908.01.LZZZZZZZ.jpg
0440225701,The Street Lawyer,JOHN GRISHAM,1999,Dell,http://images.amazon.com/images/P/0440225701.01.THUMBZZZ.jpg,http://images.amazon.com/images/P/0440225701.01.MZZZZZZZ.jpg,http://images.amazon.com/images/P/0440225701.01.LZZZZZZZ.jpg
0804106304,The Joy Luck Club,Amy Tan,1994,Prentice Hall (K-12),http://images.amazon.com/images/P/0804106304.01.THUMBZZZ.jpg,http://images.amazon.com/images/P/0804106304.01.MZZZZZZZ.jpg,http://images.amazon.com/images/P/0804106304.01.LZZZZZZZ.jpg
0679429220,Midnight in the Garden of Good and Evil: A Savannah Story,John Berendt,1994,Random House,http://images.amazon.com/images/P/0679429220.01.THUMBZZZ.jpg,http://images.amazon.com/images/P/0679429220.01.MZZZZZZZ.jpg,http://images.amazon.com/images/P/0679429220.01.LZZZZZZZ.jpg
0451166892,The Pillars of the Earth,Ken Follett,1996,Signet Book,http://images.amazon.com/images/P/0451166892.01.THUMBZZZ.jpg,http://images.amazon.com/images/P/0451166892.01.MZZZZZZZ.jpg,http://images.amazon.com/images/P/0451166892.01.LZZZZZZZ.jpg
0786868716,The Five People You Meet in Heaven,Mitch Albom,2003,Hyperion,http://images.amazon.com/images/P/0786868716.01.THUMBZZZ.jpg,http://images.amazon.com/images/P/0786868716.01.MZZZZZZZ.jpg,http://images.amazon.com/images/P/0786868716.01.LZZZZZZZ.jpg
0446612545,The Beach House,James Patterson,2003,Warner Books,http://images.amazon.com/images/P/0446612545.01.THUMBZZZ.jpg,http://images.amazon.com/images/P/0446612545.01.MZZZZZZZ.jpg,http://images.amazon.com/images/P/0446612545.01.LZZZZZZZ.jpg
0671042858,The Girl Who Loved Tom Gordon,Stephen King,2000,Pocket,http://images.amazon.com/images/P/0671042858.01.THUMBZZZ.jpg,http://images.amazon.com/images/P/0671042858.01.MZZZZZZZ.jpg,http://images.amazon.com/images/P/0671042858.01.LZZZZZZZ.jpg
0060976845,Little Altars Everywhere: A Novel,Rebecca Wells,1996,Perennial,http://images.amazon.com/images/P/0060976845.01.THUMBZZZ.jpg,http://images.amazon.com/images/P/0060976845.01.MZZZZZZZ.jpg,http://images.amazon.com/images/P/0060976845.01.LZZZZZZZ.jpg
0060977493,The God of Small Things,Arundhati Roy,1998,Perennial,http://images.amazon.com/images/P/0060977493.01.THUMBZZZ.jpg,http://images.amazon.com/images/P/0060977493.01.MZZZZZZZ.jpg,http://images.amazon.com/images/P/0060977493.01.LZZZZZZZ.jpg
0345378490,Congo,Michael Crichton,1995,Ballantine Books,http://images.amazon.com/images/P/0345378490.01.THUMBZZZ.jpg,http://images.amazon.com/images/P/0345378490.01.MZZZZZZZ.jpg,http://images.amazon.com/images/P/0345378490.01.LZZZZZZZ.jpg
0385508042,The King of Torts,John Grisham,2003,Doubleday Books,http://images.amazon.com/images/P/0385508042.01.THUMBZZZ.jpg,http://images.amazon.com/images/P/0385508042.01.MZZZZZZZ.jpg,http://images.amazon.com/images/P/0385508042.01.LZZZZZZZ.jpg
0446605484,Roses Are Red (Alex Cross Novels),James Patterson,2001,Warner Vision,http://images.amazon.com/images/P/0446605484.01.THUMBZZZ.jpg,http://images.amazon.com/images/P/0446605484.01.MZZZZZZZ.jpg,http://images.amazon.com/images/P/0446605484.01.LZZZZZZZ.jpg
0452282152,Girl with a Pearl Earring,Tracy Chevalier,2001,Plume Books,http://images.amazon.com/images/P/0452282152.01.THUMBZZZ.jpg,http://images.amazon.com/images/P/0452282152.01.MZZZZZZZ.jpg,http://images.amazon.com/images/P/0452282152.01.LZZZZZZZ.jpg
0671027387,Deception Point,Dan Brown,2002,Pocket,http://images.amazon.com/images/P/0671027387.01.THUMBZZZ.jpg,http://images.amazon.com/images/P/0671027387.01.MZZZZZZZ.jpg,http://images.amazon.com/images/P/0671027387.01.LZZZZZZZ.jpg
15587426224,Chicken Soup for the Soul (Chicken Soup for the Soul),Jack Canfield,1993,Health Communications,http://images.amazon.com/images/P/155874262X.01.THUMBZZZ.jpg,http://images.amazon.com/images/P/155874262X.01.MZZZZZZZ.jpg,http://images.amazon.com/images/P/155874262X.01.LZZZZZZZ.jpg
0060987103,Wicked: The Life and Times of the Wicked Witch of the West,Gregory Maguire,1996,Regan Books,http://images.amazon.com/images/P/0060987103.01.THUMBZZZ.jpg,http://images.amazon.com/images/P/0060987103.01.MZZZZZZZ.jpg,http://images.amazon.com/images/P/0060987103.01.LZZZZZZZ.jpg
04402372224,A Painted House,John Grisham,2001,Dell Publishing Company,http://images.amazon.com/images/P/044023722X.01.THUMBZZZ.jpg,http://images.amazon.com/images/P/044023722X.01.MZZZZZZZ.jpg,http://images.amazon.com/images/P/044023722X.01.LZZZZZZZ.jpg
0380730138,Vinegar Hill (Oprah's Book Club (Paperback)),A. Manette Ansay,1998,Perennial,http://images.amazon.com/images/P/0380730138.01.THUMBZZZ.jpg,http://images.amazon.com/images/P/0380730138.01.MZZZZZZZ.jpg,http://images.amazon.com/images/P/0380730138.01.LZZZZZZZ.jpg
0142001740,The Secret Life of Bees,Sue Monk Kidd,2003,Penguin Books,http://images.amazon.com/images/P/0142001740.01.THUMBZZZ.jpg,http://images.amazon.com/images/P/0142001740.01.MZZZZZZZ.jpg,http://images.amazon.com/images/P/0142001740.01.LZZZZZZZ.jpg
0312995423,Digital Fortress : A Thriller,Dan Brown,2003,St. Martin's Press,http://images.amazon.com/images/P/0312995423.01.THUMBZZZ.jpg,http://images.amazon.com/images/P/0312995423.01.MZZZZZZZ.jpg,http://images.amazon.com/images/P/0312995423.01.LZZZZZZZ.jpg
00610135124,The Perfect Storm : A True Story of Men Against the Sea,Sebastian Junger,1998,HarperTorch,http://images.amazon.com/images/P/006101351X.01.THUMBZZZ.jpg,http://images.amazon.com/images/P/006101351X.01.MZZZZZZZ.jpg,http://images.amazon.com/images/P/006101351X.01.LZZZZZZZ.jpg
0440224675,Hannibal,Thomas Harris,2000,Dell Publishing Company,http://images.amazon.com/images/P/0440224675.01.THUMBZZZ.jpg,http://images.amazon.com/images/P/0440224675.01.MZZZZZZZ.jpg,http://images.amazon.com/images/P/0440224675.01.LZZZZZZZ.jpg
04402114524,The Firm,John Grisham,1992,Bantam Dell Publishing Group,http://images.amazon.com/images/P/044021145X.01.THUMBZZZ.jpg,http://images.amazon.com/images/P/044021145X.01.MZZZZZZZ.jpg,http://images.amazon.com/images/P/044021145X.01.LZZZZZZZ.jpg
0375726403,Empire Falls,Richard Russo,2002,Vintage Books USA,http://images.amazon.com/images/P/0375726403.01.THUMBZZZ.jpg,http://images.amazon.com/images/P/0375726403.01.MZZZZZZZ.jpg,http://images.amazon.com/images/P/0375726403.01.LZZZZZZZ.jpg
0440226104,Black and Blue,ANNA QUINDLEN,1999,Dell,http://images.amazon.com/images/P/0440226104.01.THUMBZZZ.jpg,http://images.amazon.com/images/P/0440226104.01.MZZZZZZZ.jpg,http://images.amazon.com/images/P/0440226104.01.LZZZZZZZ.jpg
0671021001,She's Come Undone (Oprah's Book Club),Wally Lamb,1998,Pocket,http://images.amazon.com/images/P/0671021001.01.THUMBZZZ.jpg,http://images.amazon.com/images/P/0671021001.01.MZZZZZZZ.jpg,http://images.amazon.com/images/P/0671021001.01.LZZZZZZZ.jpg
0805063897,Nickel and Dimed: On (Not) Getting By in America,Barbara Ehrenreich,2002,Owl Books,http://images.amazon.com/images/P/0805063897.01.THUMBZZZ.jpg,http://images.amazon.com/images/P/0805063897.01.MZZZZZZZ.jpg,http://images.amazon.com/images/P/0805063897.01.LZZZZZZZ.jpg
0842329129,Left Behind: A Novel of the Earth's Last Days (Left Behind No. 1),Tim Lahaye,1996,Tyndale House Publishers,http://images.amazon.com/images/P/0842329129.01.THUMBZZZ.jpg,http://images.amazon.com/images/P/0842329129.01.MZZZZZZZ.jpg,http://images.amazon.com/images/P/0842329129.01.LZZZZZZZ.jpg
0060915544,The Bean Trees,Barbara Kingsolver,1989,Perennial,http://images.amazon.com/images/P/0060915544.01.THUMBZZZ.jpg,http://images.amazon.com/images/P/0060915544.01.MZZZZZZZ.jpg,http://images.amazon.com/images/P/0060915544.01.LZZZZZZZ.jpg
0312195516,The Red Tent (Bestselling Backlist),Anita Diamant,1998,Picador USA,http://images.amazon.com/images/P/0312195516.01.THUMBZZZ.jpg,http://images.amazon.com/images/P/0312195516.01.MZZZZZZZ.jpg,http://images.amazon.com/images/P/0312195516.01.LZZZZZZZ.jpg
0312278586,The Nanny Diaries: A Novel,Emma McLaughlin,2002,St. Martin's Press,http://images.amazon.com/images/P/0312278586.01.THUMBZZZ.jpg,http://images.amazon.com/images/P/0312278586.01.MZZZZZZZ.jpg,http://images.amazon.com/images/P/0312278586.01.LZZZZZZZ.jpg
0156027321,Life of Pi,Yann Martel,2003,Harvest Books,http://images.amazon.com/images/P/0156027321.01.THUMBZZZ.jpg,http://images.amazon.com/images/P/0156027321.01.MZZZZZZZ.jpg,http://images.amazon.com/images/P/0156027321.01.LZZZZZZZ.jpg
0449907481,A Thousand Acres (Ballantine Reader's Circle),JANE SMILEY,1992,Ballantine Books,http://images.amazon.com/images/P/0449907481.01.THUMBZZZ.jpg,http://images.amazon.com/images/P/0449907481.01.MZZZZZZZ.jpg,http://images.amazon.com/images/P/0449907481.01.LZZZZZZZ.jpg
06848426724,Angela's Ashes: A Memoir,Frank McCourt,1999,Scribner,http://images.amazon.com/images/P/068484267X.01.THUMBZZZ.jpg,http://images.amazon.com/images/P/068484267X.01.MZZZZZZZ.jpg,http://images.amazon.com/images/P/068484267X.01.LZZZZZZZ.jpg
0060938455,Fast Food Nation: The Dark Side of the All-American Meal,Eric Schlosser,2002,Perennial,http://images.amazon.com/images/P/0060938455.01.THUMBZZZ.jpg,http://images.amazon.com/images/P/0060938455.01.MZZZZZZZ.jpg,http://images.amazon.com/images/P/0060938455.01.LZZZZZZZ.jpg
0061009059,One for the Money (Stephanie Plum Novels (Paperback)),Janet Evanovich,1995,HarperTorch,http://images.amazon.com/images/P/0061009059.01.THUMBZZZ.jpg,http://images.amazon.com/images/P/0061009059.01.MZZZZZZZ.jpg,http://images.amazon.com/images/P/0061009059.01.LZZZZZZZ.jpg
0446364193,Along Came a Spider (Alex Cross Novels),James Patterson,1993,Warner Books,http://images.amazon.com/images/P/0446364193.01.THUMBZZZ.jpg,http://images.amazon.com/images/P/0446364193.01.MZZZZZZZ.jpg,http://images.amazon.com/images/P/0446364193.01.LZZZZZZZ.jpg
0446672211,Where the Heart Is (Oprah's Book Club (Paperback)),Billie Letts,1998,Warner Books,http://images.amazon.com/images/P/0446672211.01.THUMBZZZ.jpg,http://images.amazon.com/images/P/0446672211.01.MZZZZZZZ.jpg,http://images.amazon.com/images/P/0446672211.01.LZZZZZZZ.jpg
0140293248,The Girls' Guide to Hunting and Fishing,Melissa Bank,2000,Penguin Books,http://images.amazon.com/images/P/0140293248.01.THUMBZZZ.jpg,http://images.amazon.com/images/P/0140293248.01.MZZZZZZZ.jpg,http://images.amazon.com/images/P/0140293248.01.LZZZZZZZ.jpg
0142000205,Icy Sparks,Gwyn Hyman Rubio,2001,Penguin Books,http://images.amazon.com/images/P/0142000205.01.THUMBZZZ.jpg,http://images.amazon.com/images/P/0142000205.01.MZZZZZZZ.jpg,http://images.amazon.com/images/P/0142000205.01.LZZZZZZZ.jpg
0385504209,The Da Vinci Code,Dan Brown,2003,Doubleday,http://images.amazon.com/images/P/0385504209.01.THUMBZZZ.jpg,http://images.amazon.com/images/P/0385504209.01.MZZZZZZZ.jpg,http://images.amazon.com/images/P/0385504209.01.LZZZZZZZ.jpg
0385505833,Skipping Christmas,JOHN GRISHAM,2001,Doubleday,http://images.amazon.com/images/P/0385505833.01.THUMBZZZ.jpg,http://images.amazon.com/images/P/0385505833.01.MZZZZZZZ.jpg,http://images.amazon.com/images/P/0385505833.01.LZZZZZZZ.jpg
0316776963,Me Talk Pretty One Day,David Sedaris,2001,Back Bay Books,http://images.amazon.com/images/P/0316776963.01.THUMBZZZ.jpg,http://images.amazon.com/images/P/0316776963.01.MZZZZZZZ.jpg,http://images.amazon.com/images/P/0316776963.01.LZZZZZZZ.jpg
0440211727,A Time to Kill,JOHN GRISHAM,1992,Dell,http://images.amazon.com/images/P/0440211727.01.THUMBZZZ.jpg,http://images.amazon.com/images/P/0440211727.01.MZZZZZZZ.jpg,http://images.amazon.com/images/P/0440211727.01.LZZZZZZZ.jpg
04402216524,The Rainmaker,JOHN GRISHAM,1996,Dell,http://images.amazon.com/images/P/044022165X.01.THUMBZZZ.jpg,http://images.amazon.com/images/P/044022165X.01.MZZZZZZZ.jpg,http://images.amazon.com/images/P/044022165X.01.LZZZZZZZ.jpg
0671510053,SHIPPING NEWS,Annie Proulx,1994,Scribner,http://images.amazon.com/images/P/0671510053.01.THUMBZZZ.jpg,http://images.amazon.com/images/P/0671510053.01.MZZZZZZZ.jpg,http://images.amazon.com/images/P/0671510053.01.LZZZZZZZ.jpg
0743237188,Fall On Your Knees (Oprah #45),Ann-Marie MacDonald,2002,Touchstone,http://images.amazon.com/images/P/0743237188.01.THUMBZZZ.jpg,http://images.amazon.com/images/P/0743237188.01.MZZZZZZZ.jpg,http://images.amazon.com/images/P/0743237188.01.LZZZZZZZ.jpg
0345443284,While I Was Gone,Sue Miller,1999,Ballantine Books,http://images.amazon.com/images/P/0345443284.01.THUMBZZZ.jpg,http://images.amazon.com/images/P/0345443284.01.MZZZZZZZ.jpg,http://images.amazon.com/images/P/0345443284.01.LZZZZZZZ.jpg
0060928336,Divine Secrets of the Ya-Ya Sisterhood: A Novel,Rebecca Wells,1997,Perennial,http://images.amazon.com/images/P/0060928336.01.THUMBZZZ.jpg,http://images.amazon.com/images/P/0060928336.01.MZZZZZZZ.jpg,http://images.amazon.com/images/P/0060928336.01.LZZZZZZZ.jpg
0671003755,She's Come Undone (Oprah's Book Club (Paperback)),Wally Lamb,1996,Washington Square Press,http://images.amazon.com/images/P/0671003755.01.THUMBZZZ.jpg,http://images.amazon.com/images/P/0671003755.01.MZZZZZZZ.jpg,http://images.amazon.com/images/P/0671003755.01.LZZZZZZZ.jpg
0446601241,Kiss the Girls,James Patterson,1995,Warner Books,http://images.amazon.com/images/P/0446601241.01.THUMBZZZ.jpg,http://images.amazon.com/images/P/0446601241.01.MZZZZZZZ.jpg,http://images.amazon.com/images/P/0446601241.01.LZZZZZZZ.jpg
0345384466,The Witching Hour (Lives of the Mayfair Witches),ANNE RICE,1993,Ballantine Books,http://images.amazon.com/images/P/0345384466.01.THUMBZZZ.jpg,http://images.amazon.com/images/P/0345384466.01.MZZZZZZZ.jpg,http://images.amazon.com/images/P/0345384466.01.LZZZZZZZ.jpg
0380789035,American Gods,Neil Gaiman,2002,HarperTorch,http://images.amazon.com/images/P/0380789035.01.THUMBZZZ.jpg,http://images.amazon.com/images/P/0380789035.01.MZZZZZZZ.jpg,http://images.amazon.com/images/P/0380789035.01.LZZZZZZZ.jpg
0440206154,Red Dragon,Thomas Harris,2000,Dell Publishing Company,http://images.amazon.com/images/P/0440206154.01.THUMBZZZ.jpg,http://images.amazon.com/images/P/0440206154.01.MZZZZZZZ.jpg,http://images.amazon.com/images/P/0440206154.01.LZZZZZZZ.jpg
0345370775,Jurassic Park,Michael Crichton,1999,Ballantine Books,http://images.amazon.com/images/P/0345370775.01.THUMBZZZ.jpg,http://images.amazon.com/images/P/0345370775.01.MZZZZZZZ.jpg,http://images.amazon.com/images/P/0345370775.01.LZZZZZZZ.jpg
0380789019,Neverwhere,Neil Gaiman,1998,Avon,http://images.amazon.com/images/P/0380789019.01.THUMBZZZ.jpg,http://images.amazon.com/images/P/0380789019.01.MZZZZZZZ.jpg,http://images.amazon.com/images/P/0380789019.01.LZZZZZZZ.jpg
0380018179,The Thorn Birds,Colleen McCullough,1978,Avon,http://images.amazon.com/images/P/0380018179.01.THUMBZZZ.jpg,http://images.amazon.com/images/P/0380018179.01.MZZZZZZZ.jpg,http://images.amazon.com/images/P/0380018179.01.LZZZZZZZ.jpg
0385335881,Shopaholic Takes Manhattan (Summer Display Opportunity),Sophie Kinsella,2002,Delta,http://images.amazon.com/images/P/0385335881.01.THUMBZZZ.jpg,http://images.amazon.com/images/P/0385335881.01.MZZZZZZZ.jpg,http://images.amazon.com/images/P/0385335881.01.LZZZZZZZ.jpg
0385335482,Confessions of a Shopaholic (Summer Display Opportunity),SOPHIE KINSELLA,2001,Delta,http://images.amazon.com/images/P/0385335482.01.THUMBZZZ.jpg,http://images.amazon.com/images/P/0385335482.01.MZZZZZZZ.jpg,http://images.amazon.com/images/P/0385335482.01.LZZZZZZZ.jpg
0446606812,Message in a Bottle,Nicholas Sparks,1999,Warner Vision,http://images.amazon.com/images/P/0446606812.01.THUMBZZZ.jpg,http://images.amazon.com/images/P/0446606812.01.MZZZZZZZ.jpg,http://images.amazon.com/images/P/0446606812.01.LZZZZZZZ.jpg
0060930535,The Poisonwood Bible: A Novel,Barbara Kingsolver,1999,Perennial,http://images.amazon.com/images/P/0060930535.01.THUMBZZZ.jpg,http://images.amazon.com/images/P/0060930535.01.MZZZZZZZ.jpg,http://images.amazon.com/images/P/0060930535.01.LZZZZZZZ.jpg
0671038184,Jewel,Bret Lott,1999,Washington Square Press,http://images.amazon.com/images/P/0671038184.01.THUMBZZZ.jpg,http://images.amazon.com/images/P/0671038184.01.MZZZZZZZ.jpg,http://images.amazon.com/images/P/0671038184.01.LZZZZZZZ.jpg
0345361792,A Prayer for Owen Meany,John Irving,1990,Ballantine Books,http://images.amazon.com/images/P/0345361792.01.THUMBZZZ.jpg,http://images.amazon.com/images/P/0345361792.01.MZZZZZZZ.jpg,http://images.amazon.com/images/P/0345361792.01.LZZZZZZZ.jpg
1400034779,The No. 1 Ladies' Detective Agency (Today Show Book Club #8),Alexander McCall Smith,2003,Anchor,http://images.amazon.com/images/P/1400034779.01.THUMBZZZ.jpg,http://images.amazon.com/images/P/1400034779.01.MZZZZZZZ.jpg,http://images.amazon.com/images/P/1400034779.01.LZZZZZZZ.jpg
0767902521,A Walk in the Woods: Rediscovering America on the Appalachian Trail (Official Guides to the Appalachian Trail),Bill Bryson,1999,Broadway Books,http://images.amazon.com/images/P/0767902521.01.THUMBZZZ.jpg,http://images.amazon.com/images/P/0767902521.01.MZZZZZZZ.jpg,http://images.amazon.com/images/P/0767902521.01.LZZZZZZZ.jpg
08041075324,The Kitchen God's Wife,Amy Tan,1992,Ivy Books,http://images.amazon.com/images/P/080410753X.01.THUMBZZZ.jpg,http://images.amazon.com/images/P/080410753X.01.MZZZZZZZ.jpg,http://images.amazon.com/images/P/080410753X.01.LZZZZZZZ.jpg
0140244824,Songs in Ordinary Time (Oprah's Book Club (Paperback)),Mary McGarry Morris,1996,Penguin Books,http://images.amazon.com/images/P/0140244824.01.THUMBZZZ.jpg,http://images.amazon.com/images/P/0140244824.01.MZZZZZZZ.jpg,http://images.amazon.com/images/P/0140244824.01.LZZZZZZZ.jpg
01402544824,At Home in Mitford (The Mitford Years),Jan Karon,1996,Viking Books,http://images.amazon.com/images/P/014025448X.01.THUMBZZZ.jpg,http://images.amazon.com/images/P/014025448X.01.MZZZZZZZ.jpg,http://images.amazon.com/images/P/014025448X.01.LZZZZZZZ.jpg
0060934417,Bel Canto: A Novel,Ann Patchett,2002,Perennial,http://images.amazon.com/images/P/0060934417.01.THUMBZZZ.jpg,http://images.amazon.com/images/P/0060934417.01.MZZZZZZZ.jpg,http://images.amazon.com/images/P/0060934417.01.LZZZZZZZ.jpg
0743418174,Good in Bed,Jennifer Weiner,2002,Washington Square Press,http://images.amazon.com/images/P/0743418174.01.THUMBZZZ.jpg,http://images.amazon.com/images/P/0743418174.01.MZZZZZZZ.jpg,http://images.amazon.com/images/P/0743418174.01.LZZZZZZZ.jpg
0375700757,Cold Mountain : A Novel,CHARLES FRAZIER,1998,Vintage,http://images.amazon.com/images/P/0375700757.01.THUMBZZZ.jpg,http://images.amazon.com/images/P/0375700757.01.MZZZZZZZ.jpg,http://images.amazon.com/images/P/0375700757.01.LZZZZZZZ.jpg
0070212570,Fried Green Tomatoes at the Whistle Stop Cafe,Fannie Flagg,1989,McGraw-Hill,http://images.amazon.com/images/P/0070212570.01.THUMBZZZ.jpg,http://images.amazon.com/images/P/0070212570.01.MZZZZZZZ.jpg,http://images.amazon.com/images/P/0070212570.01.LZZZZZZZ.jpg
0316781266,The Last Time They Met : A Novel,Anita Shreve,2002,Back Bay Books,http://images.amazon.com/images/P/0316781266.01.THUMBZZZ.jpg,http://images.amazon.com/images/P/0316781266.01.MZZZZZZZ.jpg,http://images.amazon.com/images/P/0316781266.01.LZZZZZZZ.jpg
0375725784,A Heartbreaking Work of Staggering Genius,Dave Eggers,2001,Vintage Books USA,http://images.amazon.com/images/P/0375725784.01.THUMBZZZ.jpg,http://images.amazon.com/images/P/0375725784.01.MZZZZZZZ.jpg,http://images.amazon.com/images/P/0375725784.01.LZZZZZZZ.jpg
0440226430,Summer Sisters,Judy Blume,1999,Dell Publishing Company,http://images.amazon.com/images/P/0440226430.01.THUMBZZZ.jpg,http://images.amazon.com/images/P/0440226430.01.MZZZZZZZ.jpg,http://images.amazon.com/images/P/0440226430.01.LZZZZZZZ.jpg
0375707972,The Reader,Bernhard Schlink,1999,Vintage Books USA,http://images.amazon.com/images/P/0375707972.01.THUMBZZZ.jpg,http://images.amazon.com/images/P/0375707972.01.MZZZZZZZ.jpg,http://images.amazon.com/images/P/0375707972.01.LZZZZZZZ.jpg
0399501487,Lord of the Flies,William Gerald Golding,1959,Perigee Trade,http://images.amazon.com/images/P/0399501487.01.THUMBZZZ.jpg,http://images.amazon.com/images/P/0399501487.01.MZZZZZZZ.jpg,http://images.amazon.com/images/P/0399501487.01.LZZZZZZZ.jpg
0440224764,The Partner,John Grisham,1998,Dell Publishing Company,http://images.amazon.com/images/P/0440224764.01.THUMBZZZ.jpg,http://images.amazon.com/images/P/0440224764.01.MZZZZZZZ.jpg,http://images.amazon.com/images/P/0440224764.01.LZZZZZZZ.jpg
0553572997,The Alienist,Caleb Carr,1995,Bantam Books,http://images.amazon.com/images/P/0553572997.01.THUMBZZZ.jpg,http://images.amazon.com/images/P/0553572997.01.MZZZZZZZ.jpg,http://images.amazon.com/images/P/0553572997.01.LZZZZZZZ.jpg
0385486804,Into the Wild,Jon Krakauer,1997,Anchor,http://images.amazon.com/images/P/0385486804.01.THUMBZZZ.jpg,http://images.amazon.com/images/P/0385486804.01.MZZZZZZZ.jpg,http://images.amazon.com/images/P/0385486804.01.LZZZZZZZ.jpg
0440236673,The Brethren,John Grisham,2000,Island,http://images.amazon.com/images/P/0440236673.01.THUMBZZZ.jpg,http://images.amazon.com/images/P/0440236673.01.MZZZZZZZ.jpg,http://images.amazon.com/images/P/0440236673.01.LZZZZZZZ.jpg
0062502182,The Alchemist: A Fable About Following Your Dream,Paulo Coelho,1995,HarperSanFrancisco,http://images.amazon.com/images/P/0062502182.01.THUMBZZZ.jpg,http://images.amazon.com/images/P/0062502182.01.MZZZZZZZ.jpg,http://images.amazon.com/images/P/0062502182.01.LZZZZZZZ.jpg
0345380371,Rising Sun,MICHAEL CRICHTON,1992,Ballantine Books,http://images.amazon.com/images/P/0345380371.01.THUMBZZZ.jpg,http://images.amazon.com/images/P/0345380371.01.MZZZZZZZ.jpg,http://images.amazon.com/images/P/0345380371.01.LZZZZZZZ.jpg
0446610038,1st to Die: A Novel,James Patterson,2002,Warner Vision,http://images.amazon.com/images/P/0446610038.01.THUMBZZZ.jpg,http://images.amazon.com/images/P/0446610038.01.MZZZZZZZ.jpg,http://images.amazon.com/images/P/0446610038.01.LZZZZZZZ.jpg
0385492081,Into Thin Air : A Personal Account of the Mt. Everest Disaster,JON KRAKAUER,1998,Anchor,http://images.amazon.com/images/P/0385492081.01.THUMBZZZ.jpg,http://images.amazon.com/images/P/0385492081.01.MZZZZZZZ.jpg,http://images.amazon.com/images/P/0385492081.01.LZZZZZZZ.jpg
06797640224,Snow Falling on Cedars,David Guterson,1995,Vintage Books USA,http://images.amazon.com/images/P/067976402X.01.THUMBZZZ.jpg,http://images.amazon.com/images/P/067976402X.01.MZZZZZZZ.jpg,http://images.amazon.com/images/P/067976402X.01.LZZZZZZZ.jpg
0425167313,Here on Earth,Alice Hoffman,1998,Berkley Publishing Group,http://images.amazon.com/images/P/0425167313.01.THUMBZZZ.jpg,http://images.amazon.com/images/P/0425167313.01.MZZZZZZZ.jpg,http://images.amazon.com/images/P/0425167313.01.LZZZZZZZ.jpg
03454028824,The Lost World,Michael Crichton,1996,Ballantine Books,http://images.amazon.com/images/P/034540288X.01.THUMBZZZ.jpg,http://images.amazon.com/images/P/034540288X.01.MZZZZZZZ.jpg,http://images.amazon.com/images/P/034540288X.01.LZZZZZZZ.jpg
0449212602,The Handmaid's Tale,Margaret Atwood,1989,Fawcett Books,http://images.amazon.com/images/P/0449212602.01.THUMBZZZ.jpg,http://images.amazon.com/images/P/0449212602.01.MZZZZZZZ.jpg,http://images.amazon.com/images/P/0449212602.01.LZZZZZZZ.jpg
0312976275,Hot Six : A Stephanie Plum Novel (A Stephanie Plum Novel),Janet Evanovich,2001,St. Martin's Paperbacks,http://images.amazon.com/images/P/0312976275.01.THUMBZZZ.jpg,http://images.amazon.com/images/P/0312976275.01.MZZZZZZZ.jpg,http://images.amazon.com/images/P/0312976275.01.LZZZZZZZ.jpg
0767905180,Jemima J: A Novel About Ugly Ducklings and Swans,Jane Green,2001,Broadway Books,http://images.amazon.com/images/P/0767905180.01.THUMBZZZ.jpg,http://images.amazon.com/images/P/0767905180.01.MZZZZZZZ.jpg,http://images.amazon.com/images/P/0767905180.01.LZZZZZZZ.jpg
05903534224,Harry Potter and the Sorcerer's Stone (Harry Potter (Paperback)),J. K. Rowling,1999,Arthur A. Levine Books,http://images.amazon.com/images/P/059035342X.01.THUMBZZZ.jpg,http://images.amazon.com/images/P/059035342X.01.MZZZZZZZ.jpg,http://images.amazon.com/images/P/059035342X.01.LZZZZZZZ.jpg
0345342968,Fahrenheit 451,RAY BRADBURY,1987,Del Rey,http://images.amazon.com/images/P/0345342968.01.THUMBZZZ.jpg,http://images.amazon.com/images/P/0345342968.01.MZZZZZZZ.jpg,http://images.amazon.com/images/P/0345342968.01.LZZZZZZZ.jpg
0440236703,Tell No One,Harlan Coben,2002,Dell Publishing Company,http://images.amazon.com/images/P/0440236703.01.THUMBZZZ.jpg,http://images.amazon.com/images/P/0440236703.01.MZZZZZZZ.jpg,http://images.amazon.com/images/P/0440236703.01.LZZZZZZZ.jpg
0425175405,Black Notice,Patricia Daniels Cornwell,2000,Berkley Publishing Group,http://images.amazon.com/images/P/0425175405.01.THUMBZZZ.jpg,http://images.amazon.com/images/P/0425175405.01.MZZZZZZZ.jpg,http://images.amazon.com/images/P/0425175405.01.LZZZZZZZ.jpg
0380731851,Mystic River,Dennis Lehane,2002,HarperTorch,http://images.amazon.com/images/P/0380731851.01.THUMBZZZ.jpg,http://images.amazon.com/images/P/0380731851.01.MZZZZZZZ.jpg,http://images.amazon.com/images/P/0380731851.01.LZZZZZZZ.jpg
0553279912,A Is for Alibi (Kinsey Millhone Mysteries (Paperback)),SUE GRAFTON,1987,Bantam,http://images.amazon.com/images/P/0553279912.01.THUMBZZZ.jpg,http://images.amazon.com/images/P/0553279912.01.MZZZZZZZ.jpg,http://images.amazon.com/images/P/0553279912.01.LZZZZZZZ.jpg
0345353145,Sphere,MICHAEL CRICHTON,1988,Ballantine Books,http://images.amazon.com/images/P/0345353145.01.THUMBZZZ.jpg,http://images.amazon.com/images/P/0345353145.01.MZZZZZZZ.jpg,http://images.amazon.com/images/P/0345353145.01.LZZZZZZZ.jpg
0440214041,The Pelican Brief,John Grisham,1993,Dell,http://images.amazon.com/images/P/0440214041.01.THUMBZZZ.jpg,http://images.amazon.com/images/P/0440214041.01.MZZZZZZZ.jpg,http://images.amazon.com/images/P/0440214041.01.LZZZZZZZ.jpg
0140298479,Bridget Jones: The Edge of Reason,Helen Fielding,2001,Penguin Books,http://images.amazon.com/images/P/0140298479.01.THUMBZZZ.jpg,http://images.amazon.com/images/P/0140298479.01.MZZZZZZZ.jpg,http://images.amazon.com/images/P/0140298479.01.LZZZZZZZ.jpg
0345337662,Interview with the Vampire,Anne Rice,1993,Ballantine Books,http://images.amazon.com/images/P/0345337662.01.THUMBZZZ.jpg,http://images.amazon.com/images/P/0345337662.01.MZZZZZZZ.jpg,http://images.amazon.com/images/P/0345337662.01.LZZZZZZZ.jpg
0345351525,The Queen of the Damned (Vampire Chronicles (Paperback)),Anne Rice,1993,Ballantine Books,http://images.amazon.com/images/P/0345351525.01.THUMBZZZ.jpg,http://images.amazon.com/images/P/0345351525.01.MZZZZZZZ.jpg,http://images.amazon.com/images/P/0345351525.01.LZZZZZZZ.jpg
0385265700,The Book of Ruth (Oprah's Book Club (Paperback)),Jane Hamilton,1990,Anchor,http://images.amazon.com/images/P/0385265700.01.THUMBZZZ.jpg,http://images.amazon.com/images/P/0385265700.01.MZZZZZZZ.jpg,http://images.amazon.com/images/P/0385265700.01.LZZZZZZZ.jpg
1573229326,How to Be Good,Nick Hornby,2002,Riverhead Books,http://images.amazon.com/images/P/1573229326.01.THUMBZZZ.jpg,http://images.amazon.com/images/P/1573229326.01.MZZZZZZZ.jpg,http://images.amazon.com/images/P/1573229326.01.LZZZZZZZ.jpg
0446605239,The Notebook,Nicholas Sparks,1998,Warner Books,http://images.amazon.com/images/P/0446605239.01.THUMBZZZ.jpg,http://images.amazon.com/images/P/0446605239.01.MZZZZZZZ.jpg,http://images.amazon.com/images/P/0446605239.01.LZZZZZZZ.jpg
05151328724,Face the Fire (Three Sisters Island Trilogy),Nora Roberts,2002,Jove Books,http://images.amazon.com/images/P/051513287X.01.THUMBZZZ.jpg,http://images.amazon.com/images/P/051513287X.01.MZZZZZZZ.jpg,http://images.amazon.com/images/P/051513287X.01.LZZZZZZZ.jpg
0060392452,Stupid White Men ...and Other Sorry Excuses for the State of the Nation!,Michael Moore,2002,Regan Books,http://images.amazon.com/images/P/0060392452.01.THUMBZZZ.jpg,http://images.amazon.com/images/P/0060392452.01.MZZZZZZZ.jpg,http://images.amazon.com/images/P/0060392452.01.LZZZZZZZ.jpg
0312291639,The Nanny Diaries: A Novel,Emma McLaughlin,2003,St. Martin's Griffin,http://images.amazon.com/images/P/0312291639.01.THUMBZZZ.jpg,http://images.amazon.com/images/P/0312291639.01.MZZZZZZZ.jpg,http://images.amazon.com/images/P/0312291639.01.LZZZZZZZ.jpg
0684874350,ANGELA'S ASHES,Frank McCourt,1996,Scribner,http://images.amazon.com/images/P/0684874350.01.THUMBZZZ.jpg,http://images.amazon.com/images/P/0684874350.01.MZZZZZZZ.jpg,http://images.amazon.com/images/P/0684874350.01.LZZZZZZZ.jpg
0446611212,Violets Are Blue,James Patterson,2002,Warner Vision,http://images.amazon.com/images/P/0446611212.01.THUMBZZZ.jpg,http://images.amazon.com/images/P/0446611212.01.MZZZZZZZ.jpg,http://images.amazon.com/images/P/0446611212.01.LZZZZZZZ.jpg
0440241537,The King of Torts,JOHN GRISHAM,2003,Dell,http://images.amazon.com/images/P/0440241537.01.THUMBZZZ.jpg,http://images.amazon.com/images/P/0440241537.01.MZZZZZZZ.jpg,http://images.amazon.com/images/P/0440241537.01.LZZZZZZZ.jpg
0425147622,The Body Farm,Patricia Daniels Cornwell,1995,Berkley Publishing Group,http://images.amazon.com/images/P/0425147622.01.THUMBZZZ.jpg,http://images.amazon.com/images/P/0425147622.01.MZZZZZZZ.jpg,http://images.amazon.com/images/P/0425147622.01.LZZZZZZZ.jpg
0312305060,The Hours: A Novel,Michael Cunningham,2002,Picador,http://images.amazon.com/images/P/0312305060.01.THUMBZZZ.jpg,http://images.amazon.com/images/P/0312305060.01.MZZZZZZZ.jpg,http://images.amazon.com/images/P/0312305060.01.LZZZZZZZ.jpg
0375706771,Midwives: A Novel,Chris Bohjalian,1998,Vintage,http://images.amazon.com/images/P/0375706771.01.THUMBZZZ.jpg,http://images.amazon.com/images/P/0375706771.01.MZZZZZZZ.jpg,http://images.amazon.com/images/P/0375706771.01.LZZZZZZZ.jpg
0060987561,I Know This Much Is True,Wally Lamb,1999,Regan Books,http://images.amazon.com/images/P/0060987561.01.THUMBZZZ.jpg,http://images.amazon.com/images/P/0060987561.01.MZZZZZZZ.jpg,http://images.amazon.com/images/P/0060987561.01.LZZZZZZZ.jpg
0786881852,Don't Sweat the Small Stuff and It's All Small Stuff : Simple Ways to Keep the Little Things from Taking Over Your Life (Don't Sweat the Small Stuff Series),Richard Carlson,1997,Hyperion,http://images.amazon.com/images/P/0786881852.01.THUMBZZZ.jpg,http://images.amazon.com/images/P/0786881852.01.MZZZZZZZ.jpg,http://images.amazon.com/images/P/0786881852.01.LZZZZZZZ.jpg
0312966970,Four To Score (A Stephanie Plum Novel),Janet Evanovich,1999,St. Martin's Paperbacks,http://images.amazon.com/images/P/0312966970.01.THUMBZZZ.jpg,http://images.amazon.com/images/P/0312966970.01.MZZZZZZZ.jpg,http://images.amazon.com/images/P/0312966970.01.LZZZZZZZ.jpg
0380002930,Watership Down,Richard Adams,1976,Avon,http://images.amazon.com/images/P/0380002930.01.THUMBZZZ.jpg,http://images.amazon.com/images/P/0380002930.01.MZZZZZZZ.jpg,http://images.amazon.com/images/P/0380002930.01.LZZZZZZZ.jpg
0312971346,High Five (A Stephanie Plum Novel),Janet Evanovich,2000,St. Martin's Paperbacks,http://images.amazon.com/images/P/0312971346.01.THUMBZZZ.jpg,http://images.amazon.com/images/P/0312971346.01.MZZZZZZZ.jpg,http://images.amazon.com/images/P/0312971346.01.LZZZZZZZ.jpg
1558743669,A Child Called It: One Child's Courage to Survive,Dave Pelzer,1995,Health Communications,http://images.amazon.com/images/P/1558743669.01.THUMBZZZ.jpg,http://images.amazon.com/images/P/1558743669.01.MZZZZZZZ.jpg,http://images.amazon.com/images/P/1558743669.01.LZZZZZZZ.jpg
0385720106,A Map of the World,Jane Hamilton,1999,Anchor Books/Doubleday,http://images.amazon.com/images/P/0385720106.01.THUMBZZZ.jpg,http://images.amazon.com/images/P/0385720106.01.MZZZZZZZ.jpg,http://images.amazon.com/images/P/0385720106.01.LZZZZZZZ.jpg
0440221471,The Runaway Jury,JOHN GRISHAM,1997,Dell,http://images.amazon.com/images/P/0440221471.01.THUMBZZZ.jpg,http://images.amazon.com/images/P/0440221471.01.MZZZZZZZ.jpg,http://images.amazon.com/images/P/0440221471.01.LZZZZZZZ.jpg
0060502258,The Divine Secrets of the Ya-Ya Sisterhood: A Novel,Rebecca Wells,2002,HarperTorch,http://images.amazon.com/images/P/0060502258.01.THUMBZZZ.jpg,http://images.amazon.com/images/P/0060502258.01.MZZZZZZZ.jpg,http://images.amazon.com/images/P/0060502258.01.LZZZZZZZ.jpg
0345339681,The Hobbit : The Enchanting Prelude to The Lord of the Rings,J.R.R. TOLKIEN,1986,Del Rey,http://images.amazon.com/images/P/0345339681.01.THUMBZZZ.jpg,http://images.amazon.com/images/P/0345339681.01.MZZZZZZZ.jpg,http://images.amazon.com/images/P/0345339681.01.LZZZZZZZ.jpg
0439064872,Harry Potter and the Chamber of Secrets (Book 2),J. K. Rowling,2000,Scholastic,http://images.amazon.com/images/P/0439064872.01.THUMBZZZ.jpg,http://images.amazon.com/images/P/0439064872.01.MZZZZZZZ.jpg,http://images.amazon.com/images/P/0439064872.01.LZZZZZZZ.jpg
0446612790,2nd Chance,James Patterson,2003,Warner Vision,http://images.amazon.com/images/P/0446612790.01.THUMBZZZ.jpg,http://images.amazon.com/images/P/0446612790.01.MZZZZZZZ.jpg,http://images.amazon.com/images/P/0446612790.01.LZZZZZZZ.jpg
06848447724,STONES FROM THE RIVER,Ursula Hegi,1997,Touchstone,http://images.amazon.com/images/P/068484477X.01.THUMBZZZ.jpg,http://images.amazon.com/images/P/068484477X.01.MZZZZZZZ.jpg,http://images.amazon.com/images/P/068484477X.01.LZZZZZZZ.jpg
0440213525,The Client,John Grisham,1994,Dell Publishing Company,http://images.amazon.com/images/P/0440213525.01.THUMBZZZ.jpg,http://images.amazon.com/images/P/0440213525.01.MZZZZZZZ.jpg,http://images.amazon.com/images/P/0440213525.01.LZZZZZZZ.jpg
0439136350,Harry Potter and the Prisoner of Azkaban (Book 3),J. K. Rowling,1999,Scholastic,http://images.amazon.com/images/P/0439136350.01.THUMBZZZ.jpg,http://images.amazon.com/images/P/0439136350.01.MZZZZZZZ.jpg,http://images.amazon.com/images/P/0439136350.01.LZZZZZZZ.jpg
0316096199,Lucky : A Memoir,Alice Sebold,2002,Back Bay Books,http://images.amazon.com/images/P/0316096199.01.THUMBZZZ.jpg,http://images.amazon.com/images/P/0316096199.01.MZZZZZZZ.jpg,http://images.amazon.com/images/P/0316096199.01.LZZZZZZZ.jpg
0440211263,Circle of Friends,Maeve Binchy,1991,Dell,http://images.amazon.com/images/P/0440211263.01.THUMBZZZ.jpg,http://images.amazon.com/images/P/0440211263.01.MZZZZZZZ.jpg,http://images.amazon.com/images/P/0440211263.01.LZZZZZZZ.jpg
07434362724,Dreamcatcher,Stephen King,2001,Pocket,http://images.amazon.com/images/P/074343627X.01.THUMBZZZ.jpg,http://images.amazon.com/images/P/074343627X.01.MZZZZZZZ.jpg,http://images.amazon.com/images/P/074343627X.01.LZZZZZZZ.jpg
0553268880,The Prince of Tides,Pat Conroy,1987,Bantam Books,http://images.amazon.com/images/P/0553268880.01.THUMBZZZ.jpg,http://images.amazon.com/images/P/0553268880.01.MZZZZZZZ.jpg,http://images.amazon.com/images/P/0553268880.01.LZZZZZZZ.jpg
0446611867,A Bend in the Road,Nicholas Sparks,2002,Warner Books,http://images.amazon.com/images/P/0446611867.01.THUMBZZZ.jpg,http://images.amazon.com/images/P/0446611867.01.MZZZZZZZ.jpg,http://images.amazon.com/images/P/0446611867.01.LZZZZZZZ.jpg
0553582755,One Door Away from Heaven,Dean R. Koontz,2002,Bantam Books,http://images.amazon.com/images/P/0553582755.01.THUMBZZZ.jpg,http://images.amazon.com/images/P/0553582755.01.MZZZZZZZ.jpg,http://images.amazon.com/images/P/0553582755.01.LZZZZZZZ.jpg
04465165224,The Bridges of Madison County,Robert James Waller,1992,Warner Books,http://images.amazon.com/images/P/044651652X.01.THUMBZZZ.jpg,http://images.amazon.com/images/P/044651652X.01.MZZZZZZZ.jpg,http://images.amazon.com/images/P/044651652X.01.LZZZZZZZ.jpg
0316284955,White Oleander : A Novel (Oprah's Book Club),Janet Fitch,2000,Back Bay Books,http://images.amazon.com/images/P/0316284955.01.THUMBZZZ.jpg,http://images.amazon.com/images/P/0316284955.01.MZZZZZZZ.jpg,http://images.amazon.com/images/P/0316284955.01.LZZZZZZZ.jpg
0060987529,Confessions of an Ugly Stepsister : A Novel,Gregory Maguire,2000,Regan Books,http://images.amazon.com/images/P/0060987529.01.THUMBZZZ.jpg,http://images.amazon.com/images/P/0060987529.01.MZZZZZZZ.jpg,http://images.amazon.com/images/P/0060987529.01.LZZZZZZZ.jpg
0375727345,House of Sand and Fog,Andre Dubus III,2000,Vintage Books,http://images.amazon.com/images/P/0375727345.01.THUMBZZZ.jpg,http://images.amazon.com/images/P/0375727345.01.MZZZZZZZ.jpg,http://images.amazon.com/images/P/0375727345.01.LZZZZZZZ.jpg
0425152251,Sophie's World: A Novel About the History of Philosophy,Jostein Gaarder,1996,Berkley Publishing Group,http://images.amazon.com/images/P/0425152251.01.THUMBZZZ.jpg,http://images.amazon.com/images/P/0425152251.01.MZZZZZZZ.jpg,http://images.amazon.com/images/P/0425152251.01.LZZZZZZZ.jpg
0312924585,Silence of the Lambs,Thomas Harris,1991,St. Martin's Press,http://images.amazon.com/images/P/0312924585.01.THUMBZZZ.jpg,http://images.amazon.com/images/P/0312924585.01.MZZZZZZZ.jpg,http://images.amazon.com/images/P/0312924585.01.LZZZZZZZ.jpg
0515132020,Heaven and Earth (Three Sisters Island Trilogy),Nora Roberts,2003,Jove Books,http://images.amazon.com/images/P/0515132020.01.THUMBZZZ.jpg,http://images.amazon.com/images/P/0515132020.01.MZZZZZZZ.jpg,http://images.amazon.com/images/P/0515132020.01.LZZZZZZZ.jpg
0515131229,Dance upon the Air (Three Sisters Island Trilogy),Nora Roberts,2003,Jove Books,http://images.amazon.com/images/P/0515131229.01.THUMBZZZ.jpg,http://images.amazon.com/images/P/0515131229.01.MZZZZZZZ.jpg,http://images.amazon.com/images/P/0515131229.01.LZZZZZZZ.jpg
03807948724,What Looks Like Crazy On An Ordinary Day,Pearl Cleage,1998,Perennial,http://images.amazon.com/images/P/038079487X.01.THUMBZZZ.jpg,http://images.amazon.com/images/P/038079487X.01.MZZZZZZZ.jpg,http://images.amazon.com/images/P/038079487X.01.LZZZZZZZ.jpg
0684872153,Angela's Ashes (MMP) : A Memoir,Frank McCourt,1999,Scribner,http://images.amazon.com/images/P/0684872153.01.THUMBZZZ.jpg,http://images.amazon.com/images/P/0684872153.01.MZZZZZZZ.jpg,http://images.amazon.com/images/P/0684872153.01.LZZZZZZZ.jpg
0345391055,Disclosure,Michael Crichton,1994,Ballantine Books,http://images.amazon.com/images/P/0345391055.01.THUMBZZZ.jpg,http://images.amazon.com/images/P/0345391055.01.MZZZZZZZ.jpg,http://images.amazon.com/images/P/0345391055.01.LZZZZZZZ.jpg
0316601950,The Pilot's Wife : A Novel,Anita Shreve,1999,Back Bay Books,http://images.amazon.com/images/P/0316601950.01.THUMBZZZ.jpg,http://images.amazon.com/images/P/0316601950.01.MZZZZZZZ.jpg,http://images.amazon.com/images/P/0316601950.01.LZZZZZZZ.jpg
0060959037,Prodigal Summer: A Novel,Barbara Kingsolver,2001,Perennial,http://images.amazon.com/images/P/0060959037.01.THUMBZZZ.jpg,http://images.amazon.com/images/P/0060959037.01.MZZZZZZZ.jpg,http://images.amazon.com/images/P/0060959037.01.LZZZZZZZ.jpg
01402800924,Bridget Jones's Diary,Helen Fielding,1999,Penguin Books,http://images.amazon.com/images/P/014028009X.01.THUMBZZZ.jpg,http://images.amazon.com/images/P/014028009X.01.MZZZZZZZ.jpg,http://images.amazon.com/images/P/014028009X.01.LZZZZZZZ.jpg
0452282829,We Were the Mulvaneys,Joyce Carol Oates,1996,Plume,http://images.amazon.com/images/P/0452282829.01.THUMBZZZ.jpg,http://images.amazon.com/images/P/0452282829.01.MZZZZZZZ.jpg,http://images.amazon.com/images/P/0452282829.01.LZZZZZZZ.jpg
0385722206,Balzac and the Little Chinese Seamstress : A Novel,DAI SIJIE,2002,Anchor,http://images.amazon.com/images/P/0385722206.01.THUMBZZZ.jpg,http://images.amazon.com/images/P/0385722206.01.MZZZZZZZ.jpg,http://images.amazon.com/images/P/0385722206.01.LZZZZZZZ.jpg
08041052624,All I Really Need to Know,ROBERT FULGHUM,1989,Ivy Books,http://images.amazon.com/images/P/080410526X.01.THUMBZZZ.jpg,http://images.amazon.com/images/P/080410526X.01.MZZZZZZZ.jpg,http://images.amazon.com/images/P/080410526X.01.LZZZZZZZ.jpg
0440235596,Tara Road,Maeve Binchy,2000,Dell Publishing Company,http://images.amazon.com/images/P/0440235596.01.THUMBZZZ.jpg,http://images.amazon.com/images/P/0440235596.01.MZZZZZZZ.jpg,http://images.amazon.com/images/P/0440235596.01.LZZZZZZZ.jpg
0671041789,The Green Mile,Stephen King,1999,Pocket,http://images.amazon.com/images/P/0671041789.01.THUMBZZZ.jpg,http://images.amazon.com/images/P/0671041789.01.MZZZZZZZ.jpg,http://images.amazon.com/images/P/0671041789.01.LZZZZZZZ.jpg
0449003795,P Is for Peril,Sue Grafton,2002,Ballantine Books,http://images.amazon.com/images/P/0449003795.01.THUMBZZZ.jpg,http://images.amazon.com/images/P/0449003795.01.MZZZZZZZ.jpg,http://images.amazon.com/images/P/0449003795.01.LZZZZZZZ.jpg
04393580624,Harry Potter and the Order of the Phoenix (Book 5),J. K. Rowling,2003,Scholastic,http://images.amazon.com/images/P/043935806X.01.THUMBZZZ.jpg,http://images.amazon.com/images/P/043935806X.01.MZZZZZZZ.jpg,http://images.amazon.com/images/P/043935806X.01.LZZZZZZZ.jpg
0440220602,The Chamber,John Grisham,1995,Dell Publishing Company,http://images.amazon.com/images/P/0440220602.01.THUMBZZZ.jpg,http://images.amazon.com/images/P/0440220602.01.MZZZZZZZ.jpg,http://images.amazon.com/images/P/0440220602.01.LZZZZZZZ.jpg
1400031354,Tears of the Giraffe (No.1 Ladies Detective Agency),Alexander McCall Smith,2002,Anchor,http://images.amazon.com/images/P/1400031354.01.THUMBZZZ.jpg,http://images.amazon.com/images/P/1400031354.01.MZZZZZZZ.jpg,http://images.amazon.com/images/P/1400031354.01.LZZZZZZZ.jpg
0446608955,A Walk to Remember,Nicholas Sparks,2000,Warner Books,http://images.amazon.com/images/P/0446608955.01.THUMBZZZ.jpg,http://images.amazon.com/images/P/0446608955.01.MZZZZZZZ.jpg,http://images.amazon.com/images/P/0446608955.01.LZZZZZZZ.jpg
0440241073,The Summons,John Grisham,2002,Dell Publishing Company,http://images.amazon.com/images/P/0440241073.01.THUMBZZZ.jpg,http://images.amazon.com/images/P/0440241073.01.MZZZZZZZ.jpg,http://images.amazon.com/images/P/0440241073.01.LZZZZZZZ.jpg
0425154092,From Potter's Field,Patricia Daniels Cornwell,1996,Berkley Publishing Group,http://images.amazon.com/images/P/0425154092.01.THUMBZZZ.jpg,http://images.amazon.com/images/P/0425154092.01.MZZZZZZZ.jpg,http://images.amazon.com/images/P/0425154092.01.LZZZZZZZ.jpg
0312966091,Three To Get Deadly : A Stephanie Plum Novel (A Stephanie Plum Novel),Janet Evanovich,1998,St. Martin's Paperbacks,http://images.amazon.com/images/P/0312966091.01.THUMBZZZ.jpg,http://images.amazon.com/images/P/0312966091.01.MZZZZZZZ.jpg,http://images.amazon.com/images/P/0312966091.01.LZZZZZZZ.jpg
0671001795,Two for the Dough,Janet Evanovich,1996,Pocket,http://images.amazon.com/images/P/0671001795.01.THUMBZZZ.jpg,http://images.amazon.com/images/P/0671001795.01.MZZZZZZZ.jpg,http://images.amazon.com/images/P/0671001795.01.LZZZZZZZ.jpg
0804114986,The Bonesetter's Daughter,Amy Tan,2002,Ballantine Books,http://images.amazon.com/images/P/0804114986.01.THUMBZZZ.jpg,http://images.amazon.com/images/P/0804114986.01.MZZZZZZZ.jpg,http://images.amazon.com/images/P/0804114986.01.LZZZZZZZ.jpg
0312983271,Full House (Janet Evanovich's Full Series),Janet Evanovich,2002,St. Martin's Paperbacks,http://images.amazon.com/images/P/0312983271.01.THUMBZZZ.jpg,http://images.amazon.com/images/P/0312983271.01.MZZZZZZZ.jpg,http://images.amazon.com/images/P/0312983271.01.LZZZZZZZ.jpg
0439136369,Harry Potter and the Prisoner of Azkaban (Book 3),J. K. Rowling,2001,Scholastic,http://images.amazon.com/images/P/0439136369.01.THUMBZZZ.jpg,http://images.amazon.com/images/P/0439136369.01.MZZZZZZZ.jpg,http://images.amazon.com/images/P/0439136369.01.LZZZZZZZ.jpg
0385503822,The Summons,John Grisham,2002,Doubleday Books,http://images.amazon.com/images/P/0385503822.01.THUMBZZZ.jpg,http://images.amazon.com/images/P/0385503822.01.MZZZZZZZ.jpg,http://images.amazon.com/images/P/0385503822.01.LZZZZZZZ.jpg
0609804138,The Sweet Potato Queens' Book of Love,JILL CONNER BROWNE,1999,Three Rivers Press,http://images.amazon.com/images/P/0609804138.01.THUMBZZZ.jpg,http://images.amazon.com/images/P/0609804138.01.MZZZZZZZ.jpg,http://images.amazon.com/images/P/0609804138.01.LZZZZZZZ.jpg
0425180638,The Last Precinct,Patricia Cornwell,2001,Berkley Publishing Group,http://images.amazon.com/images/P/0425180638.01.THUMBZZZ.jpg,http://images.amazon.com/images/P/0425180638.01.MZZZZZZZ.jpg,http://images.amazon.com/images/P/0425180638.01.LZZZZZZZ.jpg
0345387651,The Cider House Rules,John Irving,1994,Ballantine Books,http://images.amazon.com/images/P/0345387651.01.THUMBZZZ.jpg,http://images.amazon.com/images/P/0345387651.01.MZZZZZZZ.jpg,http://images.amazon.com/images/P/0345387651.01.LZZZZZZZ.jpg
0679745203,The English Patient,Michael Ondaatje,1996,Vintage Books USA,http://images.amazon.com/images/P/0679745203.01.THUMBZZZ.jpg,http://images.amazon.com/images/P/0679745203.01.MZZZZZZZ.jpg,http://images.amazon.com/images/P/0679745203.01.LZZZZZZZ.jpg
0440222656,The Horse Whisperer,Nicholas Evans,1996,Dell,http://images.amazon.com/images/P/0440222656.01.THUMBZZZ.jpg,http://images.amazon.com/images/P/0440222656.01.MZZZZZZZ.jpg,http://images.amazon.com/images/P/0440222656.01.LZZZZZZZ.jpg
0553280341,B Is for Burglar (Kinsey Millhone Mysteries (Paperback)),Sue Grafton,1986,Bantam,http://images.amazon.com/images/P/0553280341.01.THUMBZZZ.jpg,http://images.amazon.com/images/P/0553280341.01.MZZZZZZZ.jpg,http://images.amazon.com/images/P/0553280341.01.LZZZZZZZ.jpg
0446607657,When the Wind Blows,James Patterson,1999,Warner Vision,http://images.amazon.com/images/P/0446607657.01.THUMBZZZ.jpg,http://images.amazon.com/images/P/0446607657.01.MZZZZZZZ.jpg,http://images.amazon.com/images/P/0446607657.01.LZZZZZZZ.jpg
0312980140,Seven Up (A Stephanie Plum Novel),Janet Evanovich,2002,St. Martin's Paperbacks,http://images.amazon.com/images/P/0312980140.01.THUMBZZZ.jpg,http://images.amazon.com/images/P/0312980140.01.MZZZZZZZ.jpg,http://images.amazon.com/images/P/0312980140.01.LZZZZZZZ.jpg
0440212561,Outlander,DIANA GABALDON,1992,Dell,http://images.amazon.com/images/P/0440212561.01.THUMBZZZ.jpg,http://images.amazon.com/images/P/0440212561.01.MZZZZZZZ.jpg,http://images.amazon.com/images/P/0440212561.01.LZZZZZZZ.jpg
08041110924,The Hundred Secret Senses,Amy Tan,1996,Ivy Books,http://images.amazon.com/images/P/080411109X.01.THUMBZZZ.jpg,http://images.amazon.com/images/P/080411109X.01.MZZZZZZZ.jpg,http://images.amazon.com/images/P/080411109X.01.LZZZZZZZ.jpg
0061097101,The Saving Graces: A Novel,Patricia Gaffney,2000,HarperTorch,http://images.amazon.com/images/P/0061097101.01.THUMBZZZ.jpg,http://images.amazon.com/images/P/0061097101.01.MZZZZZZZ.jpg,http://images.amazon.com/images/P/0061097101.01.LZZZZZZZ.jpg
0553250426,The Clan of the Cave Bear (Earth's Children (Paperback)),Jean M. Auel,1984,Bantam Books,http://images.amazon.com/images/P/0553250426.01.THUMBZZZ.jpg,http://images.amazon.com/images/P/0553250426.01.MZZZZZZZ.jpg,http://images.amazon.com/images/P/0553250426.01.LZZZZZZZ.jpg
